model,cv_r2,train_r2,test_r2,test_mae,test_rmse
dummy_mean,-0.0039,0.0,-0.0016,1.9599,3.0604
linear_regression,0.7651,0.7928,0.7705,0.8024,1.465
lasso,0.7728,0.7905,0.8012,0.7578,1.3636
ridge,0.7735,0.7912,0.8013,0.7582,1.3632
sgd,0.7729,0.7859,0.8001,0.7647,1.3671
elastic_net,0.7753,0.7872,0.8004,0.7499,1.3661
svr,0.7527,0.8487,0.8074,0.6449,1.3419
kneighbors,0.689,1.0,0.7554,0.8261,1.5122
decision_tree,0.7014,0.8058,0.7713,0.9185,1.4624
random_forest,0.7812,0.887,0.8338,0.7309,1.2468
extra_trees,0.7788,1.0,0.8437,0.6589,1.2091
adaboost,0.7097,0.7895,0.7804,0.9189,1.4329
gradient_boosting,0.7927,0.932,0.8468,0.6721,1.1968
hist_gradient_boosting,0.7844,0.8916,0.85,0.683,1.1845
