feature,importance,std
flavor,0.36565971713309675,0.05843123199305566
balance,0.18676489436315494,0.0166534265247763
acidity,0.1544057579971649,0.04722561029042317
aftertaste,0.06514981835998564,0.012575009942423169
aroma,0.015742511149863823,0.007348793064202678
species,0.014874631129814278,0.003516034777688205
body,0.01205492583740142,0.005778842992948089
country_of_origin,0.008788444106216672,0.002861075348232781
number_of_bags,0.0035478272576958386,0.0010367244038235592
altitude_high_meters,0.0023816990896603865,0.0015237488850931287
altitude_low_meters,0.001525526979944199,0.0021574810183434866
processing_method,0.0009459854497708993,0.000304817089974623
color,0.0008320221065663361,0.00045227515069910877
moisture,0.00047437006121788065,0.0041980078956965995
quakers,9.85049928740415e-05,5.3350316899245664e-05
category_two_defects,7.104194084649832e-05,0.004727732806758268
variety,4.902099490321869e-05,0.0016934136657077237
altitude_mean_meters,-0.00019738618043534383,0.0003675252627196402
category_one_defects,-0.00034646621136312413,0.002207672133338394
